,url,title,content
0,https://food.detik.com/foto-kuliner/d-5217399/gaya-mewah-olla-ramlan-saat-kulineran,Gaya Mewah Olla Ramlan Saat Kulineran,"Jakarta - Doyan kulineran, artis Olla Ramlan punya gaya mewah saat nongkrong di kafe hingga ngemil tahu goreng."
1,https://food.detik.com/info-kuliner/d-5217290/nyentrik-banget-belanja-ke-pasar-pakai-kebaya-dan-sanggul-ala-sinden,Nyentrik Banget! Belanja ke Pasar Pakai Kebaya dan Sanggul ala Sinden," Sinden asal Madiun, Jawa Timur ini punya cara unik untuk menarik perhatian. Ia belanja ke pasar tradisional mengenakan kebaya, sanggul dan make up ala sinden. Sinden transgender yang akrab disapa Manohara ini cukup punya nama di Madiun. Ia dikenal punya suara merdu saat menembangkan lagu Jawa. Meskipun bukan wanita tulen, tapi Manohara pandai merias diri. Ia juga eksis sebagai perias pengantin dan pemilik bisnis wedding organizer. Lewat channel youtubenya, Manohara merekam aksinya saat belanja ke pasar tradisional. Ia mengenakan kebaya hijau, kain batik, sanggul besar dan pastinya makeup yang maksimal. Dengan tampilan seperti ini, Manohara menenteng keranjang belanja. Ia pun keliling pasar mencari berbagai kebutuhan yang hendak ia beli. Manohara berhenti di penjual ayam potong. Ia pun membeli beberapa ekor ayam. Puluhan pasang mata yang menatap Manohara tak membuat sinden ini risih. Ia terus asyik belanja. Di kios sayuran, Manohara belanja kol, daun bawang, cabe, dan beragam sayuran lainnya. Ia juga sempat berbincang dengan sang penjual sekaligus melancarkan aksi tawar menawar. Dengan mengenakan kebaya, kain dan sanggul tentu membuat Manohara tak bisa leluasa bergerak. Tapi nyatanya ia tetap menikmati momen belanjanya. Sesekali ada pengunjung pasar yang meminta foto bersama dengan artis Madiun ini. ""Opo to podo ndeloki aku. Ayu aku yo? (Apa ini pada melihat ke aku. Cantik kan aku?)"" ujar Manohara. Aksi belanja berlangsung cukup lama karena Manohara banyak membeli barang. Sesekali ia mengeluh panas karena keringat di dahinya bercucuran. Sebelum pulang, Manohara dicolek ibu yang menjual pisang. Akhirnya sinden ini pun membeli dua sisir pisang untuk dibawa pulang. Video berdurasi 25 menit yang diunggah 5 bulan lalu ini berhasil menarik perhatian. Hingga saat ini bahkan videonya sudah disaksikan lebih dari 700 ribu kali dan mendapat banyak komentar. ""Ayu tenan Mbak Manohara. Sekalian nyinden di pasar mbak,"" ujar netizen. ""Walah cantik e ngalahin cewek. Ayu mbak Manohara,"" ujar netizen"
2,https://food.detik.com/berita-boga/d-5218623/ini-5-finalis-kreasi-liwetan-yang-bakal-berlomba-di-grand-final,Ini 5 Finalis Kreasi Liwetan yang Bakal Berlomba di Grand Final," Tim kamu ikutan Kreasi Liwetan bersama ABC Homestyle? Ini 5 tim yang bakal beradu kreasi di grand final hari Selasa nanti. Kreasi Liwetan bersama ABC Homestyle yang diadakan detikcom dan ABC Heinz hingga tanggal 17 Oktober menjaring puluhan tim. Masing-masing punya kreasi menarik, memadukan beragam lauk enak dengan nasi liwet yang gurih. Setelah menyeleksi berdasarkan kriteria yang ditentukan, terpilih 5 tim yang akan beradu kreasi di grand final. Berikut ini nama-nama tim finalis: 1. NANDO'S KITCHEN2. RANGERS MANIES3. SEDEP MANTEP4. NOT'S KITCHEN5. MOM AIBICI Kelima tim bakal beradu di ajang grand final yang akan diadakan hari Selasa, 20 Oktober 2020 pukul 15.00 secara online. Chef Chandra Yudasswara akan memandu penjurian tahap akhir ini untuk memperebutkan hadiah uang tunai total Rp 25 juta. Dalam acara grand final, tim peserta Kreasi Liwetan yang terdiri dari 2-5 orang akan beradu kreasi menyusun lauk-pauk dan nasi liwet hingga tampil menarik. Chef Chandra Yudasswara bakal menyiapkan kejutan untuk menguji daya kreasi setiap tim. Kamu bisa ikut serta hadir melihat langsung secara online acara grand final yang akan disiarkan secara live streaming di SINI ! Hadiah uang tunai telah disiapkan untuk tim pemenang: Tim pemenang pertama: Rp 10.000.000Tim pemenang kedua : Rp 8.000.000Tim pemenang ketiga : Rp 7.000.000 Ada beragam hadiah-hadiah menarik akan kami bagikan selama acara grand final live streaming. Jadi jangan ketinggalan, dukung tim Kreasi Liwetan favoritmu dan dapatkan hadiah-hadiah menarik."
3,https://food.detik.com/info-kuliner/d-5217212/kisah-kakek-85-tahun-semangat-jualan-mangga-demi-obat-istri,Kisah Kakek 85 Tahun Semangat Jualan Mangga Demi Obat Istri," Demi membeli obat untuk istrinya yang sakit, seorang kakek 85 tahun ini tetap semangat berjualan buah mangga meski tak ada yang beli. Semangat hidup kakek ini patut ditiru. Di usianya yang sudah renta, seharusnya sudah menikmati masa tua di rumah. Namun, ia tetap gigih untuk mencari nafkah. Kakek tersebut dikenal bernama Sarim yang berprofesi sebagai penjual buah mangga. Buah mangga itu didapatkan dari hasil pohon yang dimilikinya di rumah. Baca Juga : Kisah Haru Kakek 70 Tahun Jualan Garam Keliling Pakai Sepeda Setiap hari, Sarim menjajakan mangga hasil panennya sendiri di pinggir jalan. Sayangnya, jarang orang tertarik membeli buahnya karena rasanya yang asam. Namun, hal tersebut tidak membuat Sarim putus asa. Itu dilakukan demi bisa membeli obat untuk sang istri di rumah. Kisah Sarim ini diceritakan oleh anggota DPR RI, Dedi Mulyadi melalui channel YouTubenya. Dalam videonya (10/10) tersebut, ia mampir ke warung emperan Sarim. Dedi Mulyadi sempat berbincang bahkan memborong buah mangganya meski rasanya asam. Untuk satu kilo buah mangga dibanderol dengan harga terjangkau, yakni Rp 10.000. Kakek 85 tahun itu menceritakan bahwa ia memiliki dua pohon mangga yang menjadi satu-satunya harta. Dulu, ia memiliki banyak pohon mangga, tetapi sudah ditebang dan hanya menyisakan dua pohon untuk mencukupi kebutuhannya sehari-hari. Awalnya buah mangga hasil panen Sarim itu banyak dibeli orang hingga mencapai Rp. 1.200.000 per dua pohon. Namun, sekarang Sarim mengaku sulit mendapat pelanggan. Bahkan dalam sehari, rata-rata Sarim hanya mendapatkan Rp 70.000. Hasilnya itu untuk mencukupi kebutuhan dan membeli obat untuk sang istri. Pasalnya, sang istri selalu mengeluh sakit kepala. Sementara ia tak pernah periksa ke dokter karena terhalang biaya. Dedi Mulyadi pun memanggil dokter langsung untuk menangani penyakit istri Sarim. Rupanya istrinya itu menderita darah tinggi. Tak hanya itu, Dedi Mulyadi juga memberikan bantuan berupa sejumlah uang untuk Sarim. Aksinya ini menuai banyak pujian. Di samping itu, banyak netizen yang salut dengan semangat hidup kakek Sarim. ""Ya Allah nyesek banget kalau melihat orang yang sudah tua masih bekerja. Semoga kakek Sarim sehat terus dan rezekinya lancar,"" tulis komentar netizen. ""Salut banget dengan kegigihan kakek Sarim. Semangat hidupnya patut ditiru,"" tulis netizen lainnya. Baca Juga : Meski Stroke, Kakek Ini Tetap Jualan Martabak Demi Beli Obat Istrinya"
4,https://food.detik.com/info-kuliner/d-5218251/jualan-asi-online-sampai-rp-295-juta-wanita-ini-dikecam-netizen,"Jualan ASI Online Sampai Rp 295 Juta, Wanita Ini Dikecam Netizen"," Kekurangan uang, wanita yang satu ini akhirnya menjual ASI miliknya di internet. Penghasilannya yang mencapai ratusan juta dikecam netizen. Setelah menjadi ibu pengganti atau surrogate mother, seorang wanita asal Florida, Amerika, memutuskan untuk menjual ASI yang diproduksinya via internet dan laris manis. Baca Juga: Waduh! Ibu Ini Gunakan ASI untuk Bikin Brownies Jualannya  Dilansir dari Dari Daily Mail UK (18/10), wanita bernama Julie Dennies ini mulai menjual ASI nya setelah ia melahirkan bayi sebagai surrogate mother, di bulan Agustus tahun lalu. Karena ASI miliknya sudah tidak terpakai oleh bayi yang dilahirkannya, akhirnya guru sekolah dasar ini mulai menjual stok ASInya. Pembelinya orangtua yang tidak bisa menyediakan ASI, atau kekurangan stok ASI. ""Saya punya rahim yang baik, serta kualitas ASI yang baik. Jadi saya berpikir untuk menjualnya,"" jelas wanita berusia 21 tahun ini. Total penghasilannya tidak main-main, dari penjualan ASI via internet saja ia mampu mengumpulkan uang hingga USD 20,000 (Rp 295 juta). Hasil fantastis ini justru mendapatkan kritikan keras dari banyak netizen yang menganggap Julie memanfaatkan orang lain yang tak mampu memproduksi ASI. ""Saya tidak mungkin pergi ke toko atau supermarket dan meminta susu formula gratis. Jadi saya cukup terkejut ketika banyak orang yang meminta ASI saya secara gratis,"" jelas Julie. Ia menjelaskan bahwa meski ASI berasal dari tubuhnya, tapi ia harus menyediakan waktu, tenaga, sampai biaya untuk mengemas ASI tersebut agar kualitasnya terjaga. Jadi ia tidak bisa melakukan hal ini secara gratis dan membantu orang-orang seperti yang diminta netizen. ""Butuh waktu banyak untuk memompa ASI, termasuk biaya untuk kemasan ASI, biaya sterilisasi dan lainnya. Ini merupakan pekerjaan yang rumit,"" jelasnya. Setidaknya ia berhasil memompa 443 liter ASI atau setara dengan 15,000 ounce ASI setiap bulannya. Semua ASI yang sudah dikemas kemudian ia taruh di dalam freezer, kemudian ia kirim dalam keadaan beku ke berbagai wilayah di Amerika. ""Ini bukan susu biasa, ASI memiliki antibodi yang dibuat dari manusia untuk bayi manusia. Tentu saja harganya jauh lebih mahal dari susu formula biasa,"" lanjut Julie. Untuk itu Julie menghargai ASI miliknya seharga USD 1 (Rp 14,7), per 1 ons ASI miliknya. Meski dikritik banyak netizen, tapi Julie tidak ambil pusing dan tetap menjual ASI nya di internet. Menurutnya masih banyak orang yang membutuhkan ASI miliknya. Meskipun ia harus menghadapi beberapa permintaan aneh. Mulai dari membuktikan bahwa ASI yang dijualnya benar-benar berasal dari tubuhnya, sampai pola makannya yang harus berubah agar ASI nya tetap berkualitas. Dibalik laris manisnya penjualan ASI di internet, beberapa ahli kesehatan mengungkapkan banyaknya risiko dari berbagi ASI ini. Mulai dari kebersihan alat pompa ASI, nutrisi ASI yang berbeda, sampai infeksi yang bisa menyebar lewat ASI. Julie sendiri bukan satu-satunya wanita yang meraup keuntungan besar dari berjualan ASI. Sebelumnya seorang wanita bernama Rafaela Lamprou di Turki, menjual lebih dari 500 liter ASI dengan keuntungan mencapai Rp 81 juta. Ada juga kisah seorang ibu yang viral setelah menjual brownies buatannya menggunakan campuran ASI. Karena ia kehabisan susu dan menganggap ASI miliknya lebih bernutrisi dari susu kemasan. Baca Juga: Waduh! Ibu Ini Gunakan ASI untuk Bikin Brownies Jualannya "
5,https://food.detik.com/info-kuliner/d-5217570/inovatif-sumpit-ini-bisa-dipakai-sekaligus-jadi-sedotan,Inovatif! Sumpit Ini Bisa Dipakai Sekaligus Jadi Sedotan," Guna mengurangi pencemaran lingkungan akibat alat makan sekali pakai, produsen ini ciptakan sumpit yang bisa dipakai sekaligus jadi sedotan. Sumpit dan sedotan sekali pakai sebaiknya dikurangi penggunaannya karena bisa membuat lingkungan tercemar karena sampah yang dihasilkan. Sebaikya gunakan alat makan sendiri yang lebih ramah lingkungan. Kini banyak produsen alat makan yang menjual satu paket berisi sendok, garpu, sumpit, hingga sendok. Bahannya ada yang stainless atau kayu. Produsen alat makan satu ini cukup unik karena membuat sumpit yang bisa digunakan sebagai sedotan. Jadi tak memakan banyak tempat dan tentunya lebih praktis. Baca Juga: Bukan Plastik! Wajib Punya 5 Sedotan yang Ramah Lingkungan  Dilansir dari World of Buzz (13/10), produsen sumpit tersebut adalah CHOPSTRAW yang memiliki arti 'sumpit' dan 'sedotan'. Lewat akun Instagramnya, Chopstraw mengenalkan produk mereka kepada publik. Berupa sumpit dengan bahan stainless steel. Bagian tengahnya menggunakan bahan yang tidak licin berwarna hitam. Jadi kamu bisa menggenggamnya dengan mudah. Cocok digunakan untuk menikmati ramen berkuah. Jadi kamu bisa menggunakan sumpitnya untuk menyantap mie, lalu bagian sedotannya bisa kamu gunakan untuk menyeruput kuahnya. Walaupun sedang tak makan makanan berkuah, produk ini juga bisa kamu gunakan sebagai sedotan biasa. Untuk menikmati beragam minuman segar. Penggunaan plastik yang susah didaur ulang juga bisa dikurangi jika tak ingin mencemari lingkungan. Contohnya dengan menggunakan plastik berbahan singkong atau ketela. Memang tekstur plastiknya tak seperti pada umumnya, namun lebih aman digunakan karena tak mencemari lingkungan. Selain itu, penggunaan wadah makanan plastik juga harus lebih bijak pemakaiannya. Salah satu caranya bisa dengan mengganti boks plastik dengan boks kertas yang mudah terurai. Bisa juga dengan memilih wadah plastik yang bahannya tetap mudah terurai. Seperti menggunakan teknologi Oxo Biodegradable yang hanya memakan waktu 2-5 tahun untuk bisa terurai. Baca Juga: Inovatif! 'Plastik' Ramah Lingkungan Ini Dibuat dari Limbah Pertanian "
6,https://food.detik.com/info-kuliner/d-5217575/pria-ini-bagikan-tips-kupas-nanas-tanpa-pisau-gimana-caranya,"Pria Ini Bagikan Tips Kupas Nanas Tanpa Pisau, Gimana Caranya?"," Nanas biasanya dikupas pakai pisau dan ada tekniknya. Tapi pria ini bisa kupas nanas tanpa pisau, gimana caranya? Nanas merupakan salah satu jenis buah eksotik yang mudah ditemui di Asia. Warna daging buahnya kuning terang dengan rasa manis agak asam. Nanas bisa disantap begitu saja. Seringkali dikreasikan sebagai jus yang menyegarkan. Kalau di Indonesia, nanas kerap dijadikan rujak. Untuk menikmatinya, nanas harus dikupas lebih dulu. Buah ini punya kulit yang cukup keras dan sulit untuk dikupas. Mengupasnya juga harus memakai teknik khusus, karena jika tidak, mata pada daging nanas masih tertinggal. Jika salah mengupasnya juga seringkali membuat daging buahnya terbuang sia-sia. Baca Juga: Kocak! Cardi B Kupas Buah Nangka dengan Cara Dibanting  Namun seorang pria menemukan cara mudah mengupas nanas tanpa menggunakan pisau atau alat dapur lainnya. Ia hanya menggunakan tangan kosong. Tutorial mengupas nanas ini ia bagikan di akun Facebook-nya, John Nonny. Dalam video tersebut, ia membawa sebuah nanas berukuran cukup besar dan memberikannya kepada seorang teman. Lalu ia mengatakan kepada temannya, ""Saya akan menunjukkanmu cara membuka nanas yang benar. Dengan tangan kosong,"" ujar John. Sontak hal itu membuat temannya terkejut. Temannya seakan tak percaya karena mengupas nanas cukup sulit dilakukan. Apalagi menggunakan tangan kosong, apakah mungkin? Pria bernama John ini langsung mengarahkan temannya. Ia juga menjelaskan langkahnya satu per satu sampai nanas itu bisa dinikmati. Berikut langkah mengupas nanas tanpa pisau: 1. Putar pucuk kepala nanas hingga lepas dan terlihat bagian dalam dagingnya. 2. Setelah itu benturkan bagian bawah nanas ke lantai dalam posisi vertikal. Benturkan cukup kencang agar daging buah nanas terpisah dari kulitnya. 3. Kemudian baringkan nanas dalam posisi horizontal. Kemudian guling-gulingkan sambil agak ditekan. Setelah itu dirikan nanas kembali dan benturkan bagian bawahnya ke lantai. 4. Ambil daging buah nanas dengan cara menarik kulitnya dari luar. Secara otomatis nanas terkupas menjadi potongan kecil yang bisa langsung kamu nikmati. Langkah ini bisa dicontek kalau kamu membeli nanas tapi tak bisa mengupasnya. Sangat mudah dan tak menggunakan alat apapun. Baca Juga: 5 Tips Buah Ini Gampang Diikuti, Simpan Alpukat hingga Kupas Nanas   "
7,https://food.detik.com/info-kuliner/d-5217360/wah-selama-24-jam-bule-ini-coba-ragam-olahan-testis-di-vietnam,"Wah! Selama 24 Jam, Bule Ini Coba Ragam Olahan Testis di Vietnam"," Ada banyak makanan ekstrem di Vietnam yang menarik perhatian bule. Salah satunya olahan testis yang dicoba YouTuber ini dalam 24 jam. Sonny adalah sosok di balik akun YouTube Best Ever Food Review Show. Bule Amerika Serikat (AS) ini sudah lebih dari 10 tahun tinggal di Asia. Sonny sekarang menetap di Vietnam. Ia rutin membagikan pengalaman cicip makanan unik dan enak di berbagai wilayah. Salah satu yang terbaru adalah mencicipi ragam olahan testis. Ia membagikan video ini pada 4 Oktober 2020. Ada 4 tempat yang dikunjungi Sonny. Semuanya menawarkan olahan testis berbeda. Berikut daftarnya: Untuk sarapan, Sonny dan rekannya Calvin menyambangi Hào Phong Goat Noodles. Rumah makan ini menjual mie beras yang disiram kuah kaldu. Toppingnya beragam bagian kambing, termasuk testis. Penjual merebus testis dalam waktu lama dengan aneka rempah. ""Kulitnya punya tekstur yang bagus, penuh lemak,"" ujarnya. Sonny juga memuji bagaimana rumah makan tak menyia-nyiakan satupun bagian kambing untuk dinikmati. Mengenai pelengkapnya, mie beras ini disajikan bersama saus tofu fermentasi, daun perilla, dan satai cabai. Lanjut makan siang, Sonny dan Calvin menyambangi Grand Sushi KO. Mereka mencoba menu Shiraku Ponzu. Berupa sperma ikan cod yang diberi perasan lemon dan soy sauce. ""Seperti usus ayam,"" komentar Sonny mengenai tampilannya. Untuk rasanya, ""Wow, pedas! Rasanya seperti daging, saya suka banget,"" ujarnya. Lalu mereka juga mencoba sperma ikan cod yang diolah sebagai sup (Shirako Osuimono) dan digoreng tepung (Shirako Tempura). Baca Juga: Ini 4 Makanan Unik yang Wajib Dicicip Saat Traveling ke Jepang   Tempat ketiga yang dikunjungi Sonny adala No. 96 Restaurant. Ia tertarik mencicipi testis ayam jantan di sini. Nama olahannya Ngoc Ke Chay Toi. Untuk membuatnya, testis ayam ditumis bersama bumbu seperti saus tiram, bawang putih, dan saus cabai. Kemudian disajikan di atas hot plate. ""Rasanya seperti anggur berdaging kecil, maksud saya sangat berlemak. Rasanya luar biasa,"" tutur Sonny. Ia juga menyebut rasanya seperti membran dengan kaldu ayam yang kaya lemak. Olahan testis terakhir yang mereka cicipi adalah testis banteng yang direbus bersama ramuan 12 herba China. Menu ini dibuat 146 Restaurant. Setelah direbus, testis juga bisa ditumis bersama beberapa bumbu. Konon konsumsi sajian ini bisa membangkitkan stamina pria. Untuk testis tumis, Sonny bilang tampilannya tak seperti testis karena sudah dipotong-potong. ""Seperti tendon dan kenyal,"" ujarnya. Sementara olahan testis rebus dengan herba China terasa begitu sehat. ""Teksturnya seperti kuning telur yang sudah creamy,"" kata Sonny. Baca Juga: Mau Coba Sarapan Ekstrem? Burrito Berisi Testis Banteng "
8,https://food.detik.com/berita-boga/d-5216572/santan-bisa-memberi-rasa-gurih-alami-pada-masakan-dan-kue,Santan Bisa Memberi Rasa Gurih Alami Pada Masakan dan Kue," Banyak makanan dan kue yang diracik dengan campuran santan. Penggunaan santan ini punya banyak fungsi, apa saja? Santan terbuat dari sari daging kelapa yang diparut. Santan sangat berguna pada makanan, terutama kuliner khas Indonesia, bahkan telah dipakai sejak dulu. Adapun santan bisa dipakai sebagai bahan gulai, opor, lodeh, soto, rendang, kari, sambal goreng dan lain-lain. Selain itu juga dipakai untuk bahan kue-kue tradisional. Baca Juga : Siapkan Santan Segar dengan Cara Ini Agar Masakan Lebih Gurih Alami Penggunaan santan pada makanan dan kue berguna sebagai pengental, memperkaya rasa hingga menyedapkan rasa makanan. Dulu, membuat santan sendiri memang sedikit sulit. Hal tersebut turut dirasakan oleh Sisca Soewitomo, Pakar Kuliner Indonesia legendaris. Dalam online talk show (15/10) bersama dengan Kara dan Tetra Pak, Sisca menceritakan perkembangan santan pada kuliner lokal. ""Kalau zaman dulu, waktu saya kecil kita menyiapkan santan itu sulit. Kita beli dulu buah kelapa sendiri, kita harus kupas, parut baru diperes berulang-ulang,"" ujar Sisca Soewitomo. ""Kemudian muncul di pasar, beli kelapa bisa diparut ada jasa untuk memarut. Jadi, di rumah tinggal memerasnya,"" sambung Sisca Soewitomo. Dan semakin berkembangnya zaman, santan mudah didapatkan dengan hadirnya santan kemasan, salah satunya santan instan dengan merek Kara. Produk tersebut dikemas menggunakan kemasan yang higienis tanpa mengurangi nutrisinya. Adanya santan kemasan juga bisa memudahkan ibu rumah tangga saat menyetok bahan baku untuk masak. Terutama dalam kondisi di pandemi COVID-19 seperti ini. Chef Devina Hermawan, selaku Private Chef dan Cooking Instructor sekaligus ibu rumah tangga menyebut bahwa penting untuk mengatur bahan baku sebelum memasak. ""Kita harus bisa membuat planning dan memanage bahan baku lebih baik. Gak bisa kayak dulu, dikit-dikit ke pasar. Jadi, sekalian planning siapkan bahan baku yang wajib ada di rumah,"" ujar Chef Devina. Lebih lanjut, Chef Davina juga mengatakan bahwa santan bisa tidak hanya untuk makanan berat, tetapi juga dessert khususnya untuk pelaku vegan. ""Kita bisa bikin dessert dimana santan bisa menggantikan whipped cream,"" tutur Chef Devina. Meskipun santan kemasan bisa menjadi solusi, tetapi tetap harus memastikan produk tersebut aman untuk dikonsumsi. Ada tips aman untuk memilih produk kemasan. ""Pertama pastikan tanggal kadaluarsa. Kedua, pastikan kondisi kemasannya sempurna, tidak penyok dan tidak kembung,"" tutur Panji Cakrasantana, Marketing Manager Tetra Pak Indonesia. Baca Juga : Manfaat Konsumsi Santan, Bisa Turunkan Berat Badan hingga Perkuat Imunitas"
9,https://food.detik.com/info-kuliner/d-5217566/begini-serunya-chungha-saat-mukbang-asmr-jjajangmyeon,Begini Serunya Chungha Saat Mukbang ASMR Jjajangmyeon," Dalam vlog terbarunya, Chungha terlihat asyik mukbang ASMR dengan menu jjajangmyeon, tansuyuk, hinga pangsit goreng yang renyah. Begini keseruannya! Chugha merupakan seorang idol dari Korea Selatan. Ia solois yang telah memilik beberapa album. Lagunya selalu menjadi hits, seperti 'Gotta Go', 'Roller Coaster', dan 'Snapping'. Ia memulai debut tahun 2016 sebagai member IOI jebolan acara pencarian bakat Produce 101. Setelah grup tersebut dibubarkan, Chungha memilih menjadi penyanyi solo di tahun 2017. Belakangan ini Chungha aktif membuat vlog di YouTube channelnya. Ia namakan vlog tersebut 'Chung Harang'. Di sana ia membagikan aktivitasnya di luar bermusik. Baca Juga: Bahas Bunuh Diri Massal di Video Mukbangnya, Youtuber Ini Dikecam Netizen  Seperti membuat kerajinan tangan, makan ke kafe, hingga mencoba berkuda. Vlog terbaru Chungha di episode 6 memperlihatkan kalau dirinya sedang asyik mukbang ASMR. Ia memesan jjajangmyeon dari restoran China yang ia kunjungi. Selain itu ada juga tangsuyuk, jjajang bap, dan pangsit goreng yang renyah. Porsi hidangannya cukup besar, tapi Chungha terlihat menikmatinya. Jjajangmyeon yang merupakan mie dengan saus kedelai hitam terlihat menggugah selera ketika Chungha mengaduknya. Setelah mengaduknya Chungha langsung menyeruput jjajangmyeon tersebut. Suara ASMR saat Chungha menyantap makanan terdengar menggiurkan. Apalagi ketika tangsuyuk yang merupakan daging goreng tepung dikunyah oleh Chungha. Bunyi renyahnya seketika membuat lapar siapapun yang menonton mukbang ASMR Chungha ini. ""Ini resto Chinese food yang enak. Rasanya enak dan aku ada 9 rasa es krim untu dessert juga,"" ujar Chungha. Chungha menyebutkan kalau menu tangsuyuk yang jadi favoritnya. Karena teksturnya yang renyah dan ketika dicelupkan ke sausnya terasa nikmat. ""Semuanya enak, tapi cintaku adalah tangsuyuk,"" ujarnya. Setelah menikmati semua menunya, Chungha beralih ke es krim. Es krim yang dihidangkan untuknya ada 9 rasa. Bentuknya kecil dan bulat seperti lolipop. Chungha mengatakan kalau rasa es krimnya manis. Hanya saja terlalu keras jadi ia agak kesulitan saat menggigitnya. Baca Juga: Aksi Imut Maya, Anjing 'Foodies' yang Hobi Mukbang ASMR "
10,https://food.detik.com/berita-boga/d-5218166/kisah-asep-samprana-sukses-jualan-rujak-bakso-di-masa-pandemi,Kisah Asep Samprana Sukses Jualan Rujak Bakso di Masa Pandemi," Kesulitan berjualan mie tak membuat Asep surut semangat. Kini ia justru sukses jualan rujak bakso yang laris diantre pembeli. Dampak pandemi covid-19 begitu dirasakan oleh Asep Samprana (45) warga Dusun Bojong Badak, Desa Randegan Wetan, Kecamatan Jatitujuh, Kabupaten Majalengka, Jawa Barat. Asep yang merupakan seorang pedagang mie dan ayam bakar merasakan sulitnya menjual dagangannya selama pandemi. Pelanggannya berkurang karena adanya pembatasan aktivitas masyarakat. ""Awalnya ada instruksi pemerintah masyarakat tidak beraktivitas di luar. Saya berpikir bagaimana caranya saya bisa bertahan dengan tetap berjualan,"" kata Asep kepada detikcom Sabtu (17/10/2020). Karena tuntutan untuk bertahan di tengah pandemi ini, sudah empat bulan lebih Asep bersama istrinya Karnengsih kemudian memutuskan untuk mengubah cara berjualan dari yang tadinya offline menjadi online. Selain itu, Ia juga menambah jenis dagangan tidak hanya mie dan ayam bakar namun juga mulai membuat bakso. Bakso dipilih Asep lantaran jenis kuliner yang satu ini mudah diterima oleh semua kalangan masyarakat. Namun bakso yang dibuat Asep dan istrinya sangat berbeda dengan bakso yang ada. Ia mencampur bakso dengan rujak buah dan kuah khas yang memikat para pembeli. ""Pasar bakso itu tidak akan pernah mati dan diterima semua masyarakat. Jadi saya pikir bagaimana caranya nyari pasar yang mudah diterima. Tapi kalau sekedar bakso saja sudah banyak dimana-mana,"" ucapnya. ""Tapi kalau sedar bakso saja sudah banyak di mana-mana. Saya berpikir kalau ada sedikit variasi dan penyajian bakso ini mungkin akan lebih diterima, jadi cari yang beda makanya dibuatlah rujak bakso ini,"" lanjut Asep menceritakan. Setelah berjalan empat bulan, rujak bakso buatan Asep saat ini sangat dicari oleh masyarakat Majalengka dan sekitarnya. Ia mengaku terkejut melihat respon masyarakat yang suka akan rujak bakso buatannya itu. Bahkan saat ini, Asep dan istrinya sudah berjualan disebuah kafe bernama SDV (Sukawana Desa Village) yang berlokasi di Desa Sukawana, Kecamatan Kertajati, Kabupaten Majalengka. Untuk resepnya sendiri Asep dan istri yang sudah sejak lama berjualan masakan dan paham betul jenis-jenis bumbu, tidaklah sulit untuk membuat rujak bakso. ""Untuk resepnya karena saya dan istri suka memasak jadi kita cari sendiri resepnya agar rasa rujak bakso ini tidak terlalu aneh dan tetap enak dinikmati,"" ujarnya. Saat ini dalam sehari tidak kurang dari 150 porsi rujak bakso buatannya ludes terjual. Bahkan tidak jarang, pembeli yang datang harus gigit jari karena kuliner yang diburu yaitu rujak bakso telah habis terjual."
11,https://food.detik.com/info-kuliner/d-5217213/kue-lapis-legit-yang-empuk-lembut-bisa-dipesan-di-5-tempat-ini,Kue Lapis Legit yang Empuk Lembut Bisa Dipesan di 5 Tempat Ini," Spekkoek atau kue lapis legit kini mudah ditemui. Bahkan bisa dipesan secara online kapanpun dengan mudah. Kue lapis legit banyak dipilih sebagai camilan. Enaknya disantap sambil menyeruput teh atau kopi. Rasanya manis dan teksturnya pun empuk dan lembut. Oleh-oleh khas Surabaya ini bisa dipesan secara online. Ada banyak gerai online yang menawarkan kue lapis online dengan berbagai varian rasa. Mulai dari yang klasik hingga yang kekinian.  Pesan lapis legit secara online, kamu bisa memesan di Phieters Legit. Varian lapis legitnya cukup beragam, ada varian original, keju, plum, keju almond dan susu almond. Selain itu, kamu juga bisa memesan ukuran sesuai yang diinginkan. Ada ukuran yang full size, medium dan small. Namun, kini tengah ngetren paket yang berisi potongan-potongan kecil dari berbagai varian lapis legit. Lapis legit ini diolah dengan resep keluarga. Phieters LegitInstagram @phieterslegitWhatsapp +62 813-3169-9072 Baca Juga : Dijuluki Kue Seribu Lapis, Ini 5 Fakta Spekkoek NY.KWEE by Ingrid dikenal dengan kue-kue kering dan kue klasik. Salah satunya ada lapis legit yang bisa dipesan online. Varian lapis legit yang menjadi favorit di sini adalah rasa keju, almond hingga plum. Kuenya ada yang dibentuk kotak ada juga bundar. Cocok untuk oleh-oleh. Kue lapisnya bisa tahan hingga enam hari di suhu ruangan dan tiga minggu di dalam kulkas. Untuk pemesanan sebaiknya dilakukan maksimal H-2. NY.KWEE by IngridInstagram @ny.kwee_home_bakeWhatsapp : +62 811-3477-999 Legit Surabaya menawarkan kue lapis legit Surabaya yang terbilang unik. Pasalnya kuenya ada yang dikemas dalam potongan biasa dan ada juga dalam jar. Jadi, kue lapisnya dipotong seukuran gigitan lalu dimasukkan ke dalam jar. Jenis kue lapis ini cocok untuk souvenir. Varian rasa yang tersedia juga sangat beragam. Kamu bisa memesan rasa original, cokelat, nastar, plum, Oreo hingga nougat. Legit SurabayaInstagram @legitsurabayaWhatsapp +62 899-5121-234 Levina's Cake menawarkan hampers dari aneka kue untuk acara-acara tertentu. Levina's Cake juga menawarkan kue lapis legit yang jadi favorit banyak orang. Kue lapis legitnya tersedia dalam beberapa varian, mulai dari keju, original, prunes hingga keju. Kue lapisnya diolah tanpa bahan pengawet. Kamu juga bisa memesan sesuai dengan ukuran yang kamu inginkan. Kue lapis legitnya dikemas dalam kotak yang cantik. Levina's CakeInstagram @levinascakeWhatsapp 087713121996 Satu lagi yang bisa jadi rekomendasi memesan kue lapis legit secara online. Kamu bisa pesan di Livana Spikoe Jemursari. Varian kue lapis legit yang ditawarkan ada mulai dari kismis, original, cokelat keju hingga varian kekinian, seperti Ovomaltine. Selain kue lapis legit, Livana Spikoe Jemursari juga menawarkan aneka kue lainnya, mulai dari bolu jadul hingga kue kering. Livana Spikoe JemursariInstagram @spikoelivanajemursariWhatsapp 081341505232 Baca Juga : Spekkoek, Berlapis Legit Rejeki"
12,https://food.detik.com/info-kuliner/d-5217357/kocak-netizen-temukan-sosok-donald-trump-di-kulit-babi-hingga-daging-tuna,Kocak! Netizen Temukan Sosok Donald Trump di Kulit Babi hingga Daging Tuna," Sering kali bentuk makanan terlihat seperti sosok orang terkenal. Seperti dua netizen ini yang mengklaim 'temukan' Donald Trump di makanan. Donald Trump adalah sosok presiden Amerika Serikat yang penuh kontroversi. Penampilannya juga mudah dikenal dengan rambut pirang tebal dibelah pinggir. Karenanya banyak orang langsung familiar begitu melihat sesuatu yang mirip Donald Trump. Salah satunya Matthew Smith asal Middlesbrough, Inggris. Dikutip dari Lad Bible (16/10), pria 40 tahun ini melihat sosok Donald Trump di camilan kulit babi (pork scratchings) yang dibelinya. ""Jelas rambutnya mirip Trump. Hal ini membuat saya dan teman minum saya terkejut,"" ujarnya. Matthew sendiri menikmati camilan kulit babi itu di pub miliknya. Ia lalu bertanya pada pengunjung pub lain. ""Semuanya setuju kalau potongan kulit babi ini mirip Trump. Ini pasti karena rambut dan efek sisirannya yang khas,"" lanjutnya. Merasa sayang temuan ini unik, Matthew putuskan tak memakan camilan itu. Ia ingin menyimpannya. ""Rasanya sebuah penghinaan jika saya membuangnya. Tidak setiap hari Anda cukup beruntung menemukan camilan yang sangat mirip pemimpin dunia ini,"" lanjutnya. Matthew diketahui menyimpan kulit babi mirip Donald Trump miliknya di rumah. Ia mengatakan, ""Disimpan aman di dalam laci meja kantor saja di rumah."" Baca Juga: Ini Makanan Favorit Keluarga Trump, dari Ivanka sampai Tiffany  Sebelum Matthew, netizen bernama Amanda Brewster dari Houghton-le-Spring, Inggris juga dikejutkan dengan temuan serupa. Ia melihat sosok Trump pada potongan tuna beku yang ia simpan di freezer. ""Saya paling suka steak tuna, mengeluarkannya dari freezer, meletakkannya di samping dan saya pikir terlihat seperti Trump,"" katanya. Lagi-lagi bentuk rambut Trump yang jadi faktor penguat kemiripan sosoknya dengan temuan Amanda. Bahkan ada guratan yang berbentuk seperti mata, hidung, dan mulut suami Melania ini. Amanda membeli potongan steak tuna itu di supermarket Tesco cabang Durham. Ia memang berencana memulai pola makan yang lebih sehat. Tidak seperti Matthew yang menyimpan kulit babinya, Amanda tetap memasak steak tuna ini meski mirip Donald Trump. ""Saya memotretnya dulu dan memasak steak tuna di oven. Ketika keluar dari oven tidak terlihat lagi sosok Donald Trump,"" tutupnya. Baca Juga: Donald Trump dan Melania Positif Corona, Junk Food Jadi Favorit Mereka "
13,https://food.detik.com/info-kuliner/d-5217296/sukses-turun-bb-20-kilo-pria-ini-beberkan-tips-diet-tanpa-menyiksa,"Sukses Turun BB 20 Kilo, Pria Ini Beberkan Tips Diet Tanpa Menyiksa"," Dulunya pria ini punya berat badan 80 kilogram, tapi ia sukses membuatnya turun 20 kilogram. Program dietnya pun dianggap enak dan tak menyiksa. Demi mendapatkan berat badan ideal, banyak orang melakukan diet. Tapi tak sedikit program diet yang justru membuat orang tersiksa karena menahan lapar karena membatasi asupan makanan. Tapi tidak bagi pengguna akun twitter @dff21 yang justru punya pengalaman asyik saat menekan berat badannya. Pria yang akrab disapa Daf ini curhat lewat media sosialnya. ""Halo semua! Jadi aku mau cerita dikit ya, sebenernya aku tuh dari bayi emang ga pernah gendut (maaf tidak menyinggung siapapun) dan ini adalah foto detik2 kurusku, saat itu tahun 2016 dan posisinya aku kelas 12 SMA,"" kata Daf membuka kisahnya. Pria yang tinggal di Surabaya ini menceritakan kalau berat badannya melonjak naik karena ia mengalami stres. Ia gagal lolos seleksi masuk universitas negeri. Stresnya ini ia lampiaskan pada makanan. Setiap merasa kesal, Daf selalu makan dan ngemil. Setelah duduk di bangku kuliah, Daf sadar kalau berat badannya ini sangat mengganggu. Apalagi teman-temannya juga merasa pangling dengan bentuk fisik Daf kala itu. ""Semua cara sudah kucoba.. dari OCD, puasa, diet A-Z dan semuanya ga ada yang berhasil.. akhirnya aku mikir, gimana kalo aku kombinasiin semua diet yg udah aku coba menjadi versiku sendiri?,"" lanjut Daf. Sebenarnya pola diet yang dilakukan Daf ini terinspirasi dari youtube YouTuber Yulia Baltschun tentang diet kalori dan air putih. Daf juga membeberkan pola makannya selama diet. Ia mengatakan yang terpenting adalah niat dan komitmen. Kemudian untuk langkah dietnya, Daf menegaskan untuk banyak minum air putih dan menghindari aneka minuman manis sama sekali. Pola makan yang dilakukannya juga dijelaskan secara gamblang. Dalam sekali waktu makan, Daf hanya menyantap 2 sendok makan nasi lalu lauknya hanya sayuran. Daf mengatakan asupan makanan yang disantapnya ini harus mengikuti kebutuhan kalori harian. Misalnya Daf memiliki kebutuhan 1600 kalori per hari, maka ia hanya diperkenankan makan makanan sesuai kebutuhan kalori ini. Daf merinci contoh menu makanna yang ia santap. ""Sarapan: bubur ayam (300kkal), makan siang: udon tempura (600kkal), nyemil2: sliced cake (300kkal), makan malam: nasi goreng (300kkal), minum: air putih (0 kalori), total kalori yang dimakan-> 1500kkal. Padahal kebutuhan kalori harianku kan 1600, aku malah memilih untuk makan yang kurang dari 1600, karena apa? karena kalo makan yang lebih dari total 1600, jadinya bukan energi beb, melainkan lemak,"" jelas Daf. Selain mengatur pola makan, Daf juga melakukan olahraga fisik. Ia melakukan cardio 10 menit setiap hari. Alhasil, berat badannya cepat menjadi ideal karena berhasil susut 20 kilogram dalam waktu 4 bulan. Dietnya ini juga diakui efektif dengan hasil permanen. Hingga saat ini Daf mengaku berat badannya selalu di angka 60-61 kilogram. Wah bisa dicoba nih!"
14,https://food.detik.com/sup-dan-salad/d-5217302/resep-sup-ikan-gurame-kuah-bening-yang-segar,Resep Sup Ikan Gurame Kuah Bening yang Segar," Ikan gurame yang dagingnya gurih enak dibuat sup. Apalagi kuahnya bening, asam segar dan harum aromanya. Makin enak disantap hangat. Sluurp! Salah satu jenis ikan air tawar khas Indonesia adalah ikan gurame. Meskipun dagingnya tipis tetapi rasanya sangat gurih. Enak digoreng, dibakar atau dibuat pepes. Tetapi juga gurih segar diolah jadi sup. Olahan ikan gurame yang populer khas Betawi adalah ikan gurame bumbu pesmol, diolah menjadi pecak atau digoreng kering ala ikan terbang. Di Jawa barat ikan gurame populer diolah sebagai gurame bakar atau gurame cobek dengan sambal dadak yang super pedas. Kali ini ikan gurame dibuat sup dengan kuah bening. Beragam rempah segar dan daun rempah membuat kuahnya harum. Diberi air jeruk nipis yang kecut segar bikin sup ini makin sedap. Bikinnya gampang banget, ikuti resep dan tips berikut ini. Bahan: • 1 ekor (600 g) ikan gurame segar• 1.5 liter air• 1 batang serai, memarkan• 3 lembar daun jeruk, remas• 2 lembar daun salam• 3 cm jahe, memarkan• 1 cm lengkuas• 100 ml air jeruk nipis/lemon• 1 sdm garam• 1 sdt gula pasir• 1/2 sdt merica bubuk• 2 sdm saus ikan• 1 batang daun bawang,potong kasar• 5 buah tomat hijau, potong-potong• 5 buah rawit merah, buang tangkainya• 20 helai daun kemangi• Bumbu Tumis:• 3 siung bawang putih, iris tipis• 2 butir bawang merah, iris tipis• 3 cm kunyit, iris tipis Cara membuat: 1. Siangi ikan gurame hingga bersih, buang isi perut dan sisiknya. Cuci bersih lalu tiriskan.2. Potong-potong ikan gurame menjadi 3-4 potong. Sisihkan.3. Tumis bawang putih, bawang merah dan kunyit hingga layu. Angkat.4. Didihkan air bersama bumbu tumis, daun jeruk, daun salam, serai dan lengkuas.5. Masukkan air jeruk, garam, gula, saus ikan dan merica, didihkan beberapa saat.6. Tambahkan potongan ikan gurame. tomat hijau, cabe rawit merah dan daun bawang. Kecilkan api, masak hingga ikan dan sayuran matang.7. Matikan api, masukkan daun kemangi.8. Sajikan hangat. Untuk 4 porsi Tips: • Untuk membuat sup ikan gurame agar tidak anyir aromanya, belilah ikan gurame segar atau hidup. Minta tukang ikan mematikan ikan, membersihkan dan memotongnya.• Sebaiknya buat sup ikan untuk sekali disajikan agar rasanya gurih segar dan tidak anyir. "
15,https://food.detik.com/info-kuliner/d-5217992/bikin-laper-dimsum-aneka-topping-hingga-roti-panggang-lembut,Bikin Laper! Dimsum Aneka Topping hingga Roti Panggang Lembut," Bikin Laper edisi bantu laris UMKM kembali tayang. Kali ini ada camilan enak mulai dari dimsum hingga roti panggang. Yummy! Gilang Samiadji dan Tarra Budiman memandu langsung Bikin Laper Trans TV. Mereka mencicipi beberapa camilan dari para UMKM. Pertama ada aneka dimsum dari Dimsum Lalala yang bisa dikunjungi di Instagram @dimsumlalala. Disumnya disajikan dengan berbagai toping. Baca Juga : Mau Ngedimsum? Bisa Pesan Online di 5 Tempat Dim Sum Ini Ada topping mentai, sambal geprek, mozarella hingga varian original. Daging ayamnya terasa dan berpadu sempurna dengan topping. Semakin lezat dicocol dengan saus cabai. Tak berhenti sampai itu, mereka juga mencicipi peyek dari Peyek Oma Bodeh. Kamu bisa mengunjungi di laman Instagramnya @Peyekomahbodeh. Peyeknya juga tersedia dalam berbagai varian. Mulai dari peyek topping ikan teri, kacang ijo dan kacang tanah. Tarra Budiman dan Giang terkesan dengan toppingnya yang royal. Selain itu, teksturnya juga renyah dan bikin ketagihan. Gilang menyebut bahwa peyeknya cocok buat camilan sambil bersantai di rumah. Apalagi ada sensasi segar dari jeruk nipis. Dan terakhir ada roti panggang dari Hap Toast. Kamu bisa kunjungi di laman Instagramnya @Hap_toast. Roti panggangnya berukuran besar. Jadi rotinya tidak dipotong kecil-kecil melainkan satu balok utuh. Roti tersebut kemudian diisi dengan berbagai varian. Ada yang manis dan ada pula yang gurih. Pertama mereka mencicip varian gurih dengan isian smoke beef. Bukan hanya itu, di bagian dalamnya juga disajikan saus bolognese. Sementara untuk varian manis mereka mencicipi Tiramisu Oreo yang toppingnya melimpah ruah. Rotinya sendiri terbuat dari gandum dan teksturnya lembut. Bikin Laper edisi bantu laris UMKM masih akan berlangsung. Karenanya yuk saksikan terus Bikin Laper setiap hari pukul 17.000 hanya di Trans TV. Baca Juga : Haka Dimsum Shop: Di Sini Bisa Makan Dimsum Enak 24 Jam"
16,https://food.detik.com/info-kuliner/d-5217551/5-tempat-ngopi-di-jaksel-buat-santai-usai-gowes,5 Tempat Ngopi di Jaksel Buat Santai Usai Gowes," Tempat ngopi di Jakarta Selatan (Jaksel) ini bisa jadi pilihan untuk santai usai gowes. Selain punya kopi enak, ada juga beragam menu sarapan. Gowes merupakan istilah untuk bersepeda. Gowes kembali digandrungi sebagai pilihan berolahraga. Bahkan ada banyak komunitas gowes di beberapa kawasan. Gowes enaknya dilakukan pagi hari sambil menikmati udara yang sejuk. Jika lelah setelahnya, bisa bersantai di beberapa tempat ngopi Jaksel berikut. Selain punya beragam kopi yang enak dinikmati, ada juga beragam menu sarapan yang bisa bikin perut kenyang. Kalau gowes di kawasan Kemang, Jakarta Selatan, bisa kunjungi Goni Coffee. Lokasinya di Jalan Kemang Timur Raya No. 78CD, Jakarta Selatan. Kalau kamu pecinta kopi, tempat ini cocok disambangi karena menawarkan banyak pilihan. Seperti espresso, macchiato, hingga cappuccino. Untuk pilihan lainnya ada hot choco, earl grey tea, dan lainnya. Tapi yang jadi favorit di sini adalah Ice Cappuccino dan Ice Latte. Untuk sarapannya juga punya beragam pilihan. Mulai dari nasi goreng, avocado toast, hingga omelet. Goni CoffeeJalan Kemang Timur RayaNo. 78CD, Jakarta SelatanInstagram @gonicoffeeJam buka: 07.00-18.00 WIBHarga: mulai dari Rp 20.000 Baca Juga: Kafe Unik yang Asri Ini Ada di Dalam Rumah Kos  Kopi Gawe juga bisa jadi alternatif untuk bersantai usai gowes. Walaupun tempatnya sederhana, tapi cukup nyaman untuk bersantai sambil menyesap secangkir kopi. Ada dua lokasi di Jakarta Selatan, di kawasan Lebak Bulus dan Cipete. Kalau kamu dan grup sedang gowes di kawasan tersebut, tak ada salahnya untuk mampir. Pilihan minumannya cukup beragam, ada kopi dan non-kopi. Seperti Kopi Hitam Bosku, Kopi Susu Si Bos, Lychee Tea, Hijau Bosku. Ada juga snack yang bisa untuk menu sarapan, seperti ubi madu dan singkong goreng Kopi Gawekawasan Lebak Bulus dan CipeteInstagram @kopigaweJam buka: 09.00-21.00 WIBHarga: mulai dari Rp 12.000  Twin House merupakan kafe berkonsep outdoor di kawasan Cipete. Lokasinya di Jalan Cipete Raya No. 4B, Cipete Selatan, Jakarta Selatan. Karena konsepnya outdoor, cocok banget buat santai usai gowes. Kafe ini juga menyediakan beragam pilihan kopi yag nikmat. Yang jadi favoritnya adalah Iced Kopi Nakula an Iced Kopi Sadewa. Selain itu, Iced Honey Lemon Latte dan Es KoTeKa juga jadi favorit. Twin House buka dari pukul 07.00 WIB, pastinya mereka punya pilihan menu sarapan. Seperti Egg Benedict, Avocado & Waffle, hingga Steak & Egg. Twin HouseJalan Cipete Raya No. 4B,Cipete Selatan, Jakarta SelatanInstagram @twinhouse.idJam buka: 07.00-23.00 WIBHarga: mulai dari Rp 25.000 Kopi Nalar juga bisa jadi pilihan tempat santai usai gowes. Tempat ngopi ini lokasinya ada di Jalan Prof. Joko Sutono, Kebayoran Baru, Jakarta Selatan. Kopi Nalar punya area outdoor yang cukup nyaman untuk bersantai. Mereka juga buka pagi hari, mulai pukul 09.00 WIB. Cocok banget buat minum kopi sambil sarapan. Menu favorit di sini adalah Ice choco, Green Tea Latte, hingga Babyccino. Untuk menu sarapan, bisa pesan Kaya French Toast, Maple Berry Pancake, Wagyu Egg, hingga Nasi Goreng. Kopi NalarJalan Prof. Joko Sutono,Kebayoran Baru, Jakarta SelatanInstagram @kopinalarJam buka: 09.00-20.00 WIBHarga: mulai dari Rp 30.000 1/15 Coffee juga bisa jadi tempat singgah dan bersantai usai gowes. Lokasinya ada beberapa di Jakarta Selatan. Salah satunya di Jalan Gandaria 1 No. 63, Kramat Pela. Tempat ngopi ini punya banyak pilihan menu kopi. Mulai dari based espresso, single origin, hingga manual brew. Untuk kamu yang tak suka kopi, ada beragam teh yang nikmat. 1/15 Coffe buka dari pagi, oleh karena itu cocok untuk kamu kunjungi usai gowes. Bisa sarapan enak dengan menu omelet, mushroom soup, big brekky, dan french toast. 1/15 CoffeeJalan Gandaria 1 No. 63,Kramat Pela, Jakarta SelatanInstagram @115coffeeJam buka: 08.00-17.00 WIBHarga: mulai dari Rp 30.000 Baca Juga: Yuk! Ngemil Waffle hingga Minum Es Kopi di Kumulo yang Kekinian "
17,https://food.detik.com/info-kuliner/d-5217278/kisah-rasulullah-yang-sering-bagikan-makanan-untuk-sahabat-dan-tetangga,Kisah Rasulullah yang Sering Bagikan Makanan untuk Sahabat dan Tetangga," Rasulullah kerap kali mencontohkan hal kecil yang bermakna mendalam. Salah satunya kebiasaan membagikan makanan untuk para sahabat dan tetangganya. Dikisahkan, Rasulullah selalu membagikan makanan untuk para sahabat dan tetangga terdekatnya. Terlebih jika sang istri membuat makanan enak. Bukan sekedar makanan biasa, bahkan hidangan kesukaan Rasulullah pun ikut disedekahkan pada orang terdekatnya. Kisah ini dibagikan oleh pengguna akun twitter @sayidmahmoed. ""Ketika Sayyidah Aisyah ra menghidangkan makanan kesukaan Rasulullah yaitu paha domba (kambing). Rasulullah bertanya : ""Wahai Aisyah, apakah sudah engkau berikan kepada Abu Hurairah tetangga kita ? Aisyah menjawab: ""Sudah ya Rasulullah."" Kemudian Rasulullah bertanya lagi: ""Bagaimana dengan Ummu Ayman?"" Aisyah kembali menjawab: ""Sudah ya Rasulullah."" Kemudian Rasulullah bertanya lagi tentang tetangga-tetangganya yang lain, adakah sudah di beri masakan tersebut, sampai Aisyah merasa penat menjawab pertanyaan-pertanyaan Rasulullah."" Sampai Aisyah menegaskan kalau semua makanan sudah habis dibagikan kepada tetangga. Yang tersisa hanya beberapa potong daging untuk disantap Rasulullah dan Aisyah. ""Aisyah kemudian menjawab: ""Sudah habis ku berikan, Ya Rasulullah ... Yang tinggal apa yang ada di depan kita saat ini ..."" ujar Aisyah. Mendengar jawaban sang istri, Rasulullah lantas tersenyum dan mengatakan kalimat singkat namun mendalam. ""Engkau salah Aisyah, yang habis adalah apa yang kita makan ini dan yang kekal adalah apa yang kita sedekahkan."" (HR. At-Tirmidzi) Dari sepenggal kisah ini, Rasullulah mengajarkan untuk memperbanyak sedekah, bahkan lewat makanan sekalipun. Tidak dibenarkan menimbun makanan dalam jumlah banyak, apalagi melahapnya secara berlebihan. Dalam Islam bahkan diajarkan untuk berhenti makan sebelum kenyang. Rasulullah SAW bersabda: ""Kelak di akhirat manusia akan berkata, 'Inilah harta bendaku! Padahal tidak ada harta benda yang di perolehnya di dunia kecuali tiga hal : 1. Apa yang ia makan akan keluar dari tubuhnya menjadi kotoran. 2. Apa yang ia pakai akan menjadi rusak. 3. Dan Apa yang di sedekahkan akan menjadi kebaikan yang kekal baginya,"" (HR. Muslim). Semasa hidupnya, Rasulullah tidak pernah mencontohkan untuk makan secara berlebih. Berbagai makanan kesukaan Rasulullah seperti kurma, madu, roti hingga buah anggur selalu disantapnya dalam porsi secukupnya dan tidak berlebihan."
18,https://food.detik.com/info-sehat/d-5217332/12-sumber-karbohidrat-tinggi-yang-menyehatkan,12 Sumber Karbohidrat Tinggi yang Menyehatkan," Karbohidrat merupakan salah satu komponen nutrisi penting dari makanan, tetapi banyak yang memilih mengurangi bahkan menghindarinya. Sebenarnya ada sumber karbohidrat tinggi yang tetap menyehatkan dan menawarkan beberapa manfaat kesehatan. Apa saja ya? Fungsi karbohidrat adalah untuk menyediakan energi tubuh, menjaga fungsi otak dan mengurangi risiko penyakit lainnya. Karena kita sebenarnya tidak dapat menghindari 100 % nutrisi ini. Hal penting yang diperhatikan saat makan yakni seberapa besar porsi karbohidrat. Karena kebutuhan karbohidrat setiap orang berbeda-beda tergantung usia dan faktor risiko. Selain itu carilah sumber karbohidrat menyehatkan terutama yang kaya akan karbohidrat jenis serat.  Makanan yang mengandung karbohidrat tinggi adalah ubi jalar. Satu buah ubi jalar ukuran sedang dengan kulitnya mengandung 23,61 gram karbohidrat. Ubi jalar merupakan sumber potasium dan vitamin A serta C. Sebuah studi tahun 2015 menemukan bahwa beberapa molekul karbohidrat dalam ubi mengandung antioksidan yang bermanfaat sebagai anti tumor.  Bit adalah sayuran berakar dengan warna ungu yang bisa dimakan mentah atau dimasak. Dalam satu cangkir bit mentah mengandung 13 gram karbohidrat. Bit kaya akan kalium, kalsium, folay dan vitamin A. Bit juga mengandung nitrat anorganik alami yang bermanfaat bagi kesehatan jantung. Jagung adalah sayuran populer yang bisa dinikmati dalam bentuk lauk, rebusan atau campuran salad. Dalam 100 gram jagung mengandung sekitar 25 gr karbohidrat dan 3,36 gr protein. Jagung juga mengandung vitamin C. Menurut sebuah penelitian tahun 2007, jagung bermanfaat untuk kadar gula darah dan tekanan darah tinggi.   Makanan yang mengandung karbohidrat lainnya adalah quinoa. Satu cangkir quinoa mengandung 39,41 gr karbohidrat dan 8,14 gr protein serta 1,61 gula. Quinoa juga tinggi akan mineral termasuk magnesium, kalium dan fosfor. Karena quinoa tinggi serat dan protein, sehingga dapat membantu menurunkan berat badan. Sebuah studi tahun 2010 pada tikus menunjukkan bahwa quinoa dapat membantu mengontrol kadar gula darah juga. Nasi merah adalah lauk alternatif yang sehat untuk nasi putih. Satu cangkir nasi merah mengandung 36 gr karbohidrat. Biji-bijian ini juga kaya akan antioksidan.  Oat mengandung tinggi karbohidrat yang menyehatkan. Secangkir oat mengandung 27 gr karbohidrat, 5 gr protein dan 4 gr serat. Penelitian telah menunjukkan bahwa gandum dapat bermanfaat bagi kesehatan jantung manusia.   Pisang banyak tersedia dan biasa dijadikan camilan. Satu buah pisang ukuran sedang memiliki kandungan karbohidrat sebesar 26,95 gr. Sama seperti ubi, kentang juga kaya kalium dan vitamin A dan C. Karena kandungan potasiumnya ini, pisang baik untuk kesehatan jantung dan dapat menurunkan tekanan darah.  Buah apel adalah buah renyah dan tinggi akan serat. Satu apel ukuran sedang mengandung 25,13 gr karbohidrat. Apel juga mengandung tinggi vitamin A dan C, kalium serta serat. Menurut sebuah penelitian yang melibatkan wanita yang lebih tua, apel dapat menurunkan risiko kematian terkait penyakit, termasuk akibat kanker.  Buah mangga menjadi sumber karbohidrat (https://www.detik.com/tag/sumber-karbohidrat) dengan sensasi rasa manis yang enak. Satu cangkir mangga mengandung sekitar 24,72 gr karbohidrat. Mangga juga tinggi vitamin A dan C, kalium dan serat. Mangga bisa ditambahkan ke dalam sereal atau smoothie saat sarapan. Buah mangga juga bisa dinikmati saat segar. Ada banyak jenis kurma dan secara alami kurma manis dan bagus untuk dijadikan sebagai camilan atau makanan penutup yang manis. Ada 17,99 gr karbohidrat dalam satu buah kurma. Buah kurma juga mengandung serat, fosfor, kalsium dan vitamin A.  Kismis adalah buah anggur kering yang bisa dijadikan camilan atau campuran kue. Kismis dapat menambah rasa dan tekstur pada batang sereal, salad, yogurt atau granola. Satu cangkir kismis mengandung 129,48 gr karbohidrat. Kismis juga mengandung mineral termasuk kalium, magnesium, fosfor dan kalsium.  Orang menyebut goji berry sebagai makanan super karena kandungan antioksidan yang tinggi. Satu cangkir goji berry mengandung 32 gr karbohidrat dan 5 gr protein. Goji berry yang merupakan sumber karbohidrat juga mengandung vitamin A. "
19,https://food.detik.com/info-sehat/d-5217524/sarapan-bisa-bikin-bahagia-asal-penuhi-syarat-ini,"Sarapan Bisa Bikin Bahagia, Asal Penuhi Syarat Ini"," Sarapan pagi memiliki banyak manfaat. Bahkan dengan sarapan disebut bisa membuat perasaan menjadi bahagia. Apa benar? Sarapan merupakan waktu makan terpenting harian. Ada banyak manfaat yang didapatkan dengan sarapan, mulai dari mencerdaskan otak, meningkatkan konsentrasi, hingga menurunkan berat badan. Dengan sarapan maka kamu bisa lebih berkonsentrasi saat menjalankan aktivitas harian. Bukan hanya itu, manfaat sarapan juga bisa membuat perasaan hati menjadi baik.   Baca Juga : 7 Makanan dan Minuman Terbaik Dikonsumsi Saat Sarapan Dilansir dari Times of India (07/04) kuncinya adalah sarapan dengan menu seimbang. Menu yang kamu konsumsi sebaiknya memenuhi kebutuhan nutrisi harian, seperti karbohidrat, serat, protein, vitamin, mineral dan lainnya. Khususnya untuk karbohidrat yang nantinya akan mengasup glukosa dalam darah. Jika kadar glukosa rendah, maka bisa membuat tubuh menjadi lelah. Kondisi itulah yang nantinya, bisa membuat perasaan menjadi kacau, sehingga membuat kamu cepat tersinggung dan tak fokus. Lantas menu makanan apa saja disebut sarapan seimbang? Menu sarapan yang seimbang adalah yang dilengkapi dengan biji-bijian seperti gandum, jagung, gandum hingga barley. Selain itu, harus ada buah dan sayur sebagai sumber vitamin dan mineral yang baik. Tak lupa juga produk susu untuk mendapatkan kalsium dan protein untuk kesehatan tulang dan gigi. Ada banyak produk olahan susu, seperti keju, mentega, hingga yogurt. Sarapan seimbang juga sering dikaitkan dengan penurunan berat badan. Hal ini pernah dibuktikan lewat sebuah penelitian yang diterbitkan di The Journal of Clinical Endocrinology & Metabolism. Dalam penelitian menunjukkan bahwa orang-orang yang sarapan dengan porsi yang besar bisa membakar kalori bahkan hingga dua kali lipat. Sebaliknya, justru dengan melewatkan sarapan bisa meningkatkan bobot tubuh. Bahkan ada penelitian yang menemukan keterkaitan antara melewatkan sarapan dan tingkat energi tubuh. Tubuh akan merasa kelelahan dan kekurangan energi total seperti mineral dan vitamin. Selain itu, ada penelitian yang menunjukkan bahwa orang berusia 25-30 tahun yang mengonsumsi sarapan teratur bisa meningkatkan kualitas tidur dan suasana hati mereka.  Baca Juga : Ini 5 Hal yang Dicari Orang Kantoran Saat Sarapan"
